prot1,res1,prot2,res2,id
Npr3,684,SEA3,743,1
SEA1,392,SEA3,189,2
SEA1,51,Npr3,132,3
SEA1,562,Npr2,562,4
SEA1,600,SEA3,380,5
SEA1,9,Npr3,132,6
SEA1,958,Npr3,132,7
SEA2,118,Seh1,212,8
SEA2,127,Seh1,212,9
SEA3,1072,SEA4,885,10
SEA3,189,SEA1,620,11
SEA3,198,SEA1,383,12
SEA3,397,Npr3,979,13
SEA3,443,Npr3,1084,14
SEA3,443,Npr3,684,15
SEA3,443,Npr3,979,16
SEA3,656,Sec13,249,17
SEA3,979,SEA2,571,18
SEA3,979,SEA2,676,19
SEA4,501,Seh1,332,20
SEA4,922,SEA2,1289,21
SEA4,922,Sec13,31,22
SEA4,922,Seh1,100,23
SEA4,922,Seh1,198,24
SEA4,936,Sec13,83,25
Sec13,22,SEA3,788,26
Sec13,31,SEA3,642,27
Sec13,31,SEA3,646,28
Sec13,31,SEA3,656,29
Sec13,31,SEA3,769,30
Seh1,1,SEA3,979,31
Seh1,1,SEA4,434,32
Seh1,1,SEA4,441,33
Seh1,1,SEA4,498,34
Seh1,100,SEA2,1273,35
Seh1,100,SEA4,921,36
Seh1,207,SEA2,113,37
Seh1,207,SEA2,118,38
Seh1,212,Npr3,992,39
Seh1,236,SEA2,127,40
Seh1,332,SEA2,676,41
Seh1,332,SEA4,505,42
Seh1,34,SEA2,481,43
Seh1,40,SEA2,701,44
Seh1,40,SEA4,434,45
Npr2,515,Npr2,500,46
Npr2,541,Npr2,500,47
Npr2,541,Npr2,519,48
Npr2,541,Npr2,547,49
Npr2,562,Npr2,500,50
Npr2,562,Npr2,519,51
Npr3,1016,Npr3,882,52
Npr3,1084,Npr3,979,53
Npr3,1138,Npr3,962,54
Npr3,132,Npr3,591,55
Npr3,256,Npr3,261,56
Npr3,266,Npr3,260,57
Npr3,266,Npr3,275,58
Npr3,275,Npr3,287,59
Npr3,283,Npr3,287,60
Npr3,348,Npr3,132,61
Npr3,348,Npr3,594,62
Npr3,523,Npr3,591,63
Npr3,584,Npr3,523,64
Npr3,584,Npr3,591,65
Npr3,594,Npr3,132,66
Npr3,616,Npr3,523,67
Npr3,974,Npr3,979,68
Npr3,996,Npr3,979,69
SEA1,1048,SEA1,1072,70
SEA1,1249,SEA1,1242,71
SEA1,1296,SEA1,1284,72
SEA1,1445,SEA1,1454,73
SEA1,151,SEA1,196,74
SEA1,168,SEA1,164,75
SEA1,258,SEA1,250,76
SEA1,310,SEA1,882,77
SEA1,310,SEA1,885,78
SEA1,51,SEA1,958,79
SEA1,577,SEA1,581,80
SEA1,597,SEA1,600,81
SEA1,600,SEA1,577,82
SEA1,600,SEA1,581,83
SEA1,600,SEA1,620,84
SEA1,600,SEA1,958,85
SEA1,620,SEA1,581,86
SEA1,620,SEA1,777,87
SEA1,631,SEA1,620,88
SEA1,69,SEA1,51,89
SEA1,694,SEA1,703,90
SEA1,703,SEA1,620,91
SEA1,712,SEA1,620,92
SEA1,712,SEA1,703,93
SEA1,721,SEA1,698,94
SEA1,751,SEA1,770,95
SEA1,756,SEA1,777,96
SEA1,760,SEA1,777,97
SEA1,770,SEA1,620,98
SEA1,770,SEA1,698,99
SEA1,770,SEA1,703,100
SEA1,770,SEA1,756,101
SEA1,770,SEA1,777,102
SEA1,778,SEA1,770,103
SEA1,841,SEA1,825,104
SEA1,841,SEA1,958,105
SEA1,877,SEA1,882,106
SEA1,9,SEA1,51,107
SEA1,9,SEA1,958,108
SEA1,905,SEA1,958,109
SEA2,109,SEA2,118,110
SEA2,1093,SEA2,1112,111
SEA2,1112,SEA2,1146,112
SEA2,1112,SEA2,987,113
SEA2,118,SEA2,113,114
SEA2,118,SEA2,115,115
SEA2,1259,SEA2,1272,116
SEA2,127,SEA2,118,117
SEA2,146,SEA2,136,118
SEA2,176,SEA2,167,119
SEA2,199,SEA2,294,120
SEA2,208,SEA2,294,121
SEA2,521,SEA2,118,122
SEA2,521,SEA2,127,123
SEA2,580,SEA2,571,124
SEA2,682,SEA2,676,125
SEA2,683,SEA2,676,126
SEA2,693,SEA2,676,127
SEA2,693,SEA2,701,128
SEA2,726,SEA2,1272,129
SEA2,726,SEA2,708,130
SEA2,954,SEA2,959,131
SEA2,955,SEA2,961,132
SEA2,954,SEA2,961,133
SEA2,961,SEA2,955,134
SEA2,987,SEA2,955,135
SEA2,987,SEA2,961,136
SEA3,298,SEA3,443,137
SEA3,347,SEA3,298,138
SEA3,347,SEA3,443,139
SEA3,397,SEA3,443,140
SEA3,400,SEA3,397,141
SEA3,646,SEA3,642,142
SEA3,646,SEA3,769,143
SEA3,652,SEA3,662,144
SEA3,656,SEA3,646,145
SEA3,666,SEA3,656,146
SEA3,675,SEA3,656,147
SEA3,675,SEA3,662,148
SEA3,743,SEA3,646,149
SEA3,752,SEA3,743,150
SEA3,763,SEA3,646,151
SEA3,772,SEA3,645,152
SEA3,772,SEA3,769,153
SEA3,778,SEA3,646,154
SEA3,942,SEA3,979,155
SEA4,220,SEA4,301,156
SEA4,434,SEA4,498,157
SEA4,434,SEA4,505,158
SEA4,441,SEA4,859,159
SEA4,501,SEA4,434,160
SEA4,501,SEA4,441,161
SEA4,505,SEA4,498,162
SEA4,534,SEA4,434,163
SEA4,598,SEA4,606,164
SEA4,598,SEA4,629,165
SEA4,629,SEA4,598,166
SEA4,664,SEA4,652,167
SEA4,718,SEA4,686,168
SEA4,864,SEA4,606,169
SEA4,864,SEA4,859,170
SEA4,864,SEA4,921,171
SEA4,873,SEA4,859,172
SEA4,908,SEA4,864,173
SEA4,908,SEA4,921,174
SEA4,908,SEA4,922,175
SEA4,922,SEA4,606,176
SEA4,922,SEA4,859,177
SEA4,922,SEA4,864,178
SEA4,922,SEA4,873,179
SEA4,922,SEA4,940,180
SEA4,936,SEA4,859,181
SEA4,936,SEA4,921,182
SEA4,936,SEA4,940,183
Sec13,252,Sec13,245,184
Sec13,288,Sec13,249,185
Seh1,1,Seh1,332,186
Seh1,1,Seh1,40,187
Seh1,182,Seh1,198,188
